客户类型,客户名称,所在地区,核心特征,决策人,联系方式,BD优先级,触达渠道,破冰话术要点,Email,AI_Project_Title,AI_Technical_Detail,Content_Source,Full_Email,Send_Status,Selected
AI漫剧制片人,MBC Plus,韩国,MBC旗下数字内容平台，短剧《恋爱捕手》衍生IP热度高，角色连戏痛点突出,Lee Jun-ho（制作总监）,邮箱：content@mbcplus.com、LinkedIn,1（高）,LinkedIn+邮件,Character Locker解决跨镜头变脸，10分钟出片，适配韩剧短剧细腻风格与日更节奏,content@mbcplus.com,Korean-style short drama production,seamless character continuity meeting daily serialized demands,🤖 AI生成,"Hi Lee Jun-ho,

I'm Cecilia from Utopai Studios. We're building a ""Cinematic Storytelling Engine"" for people who care about story first.

Loved your work on Korean-style short drama production – particularly the seamless character continuity meeting daily serialized demands.

It got me thinking: how many visionary scripts are shelved not for lack of talent, but because the production scale feels out of reach? At Utopai Studios, we're building a path to help creators move ambitious ideas forward without getting boxed in by scale, time, or existing production limits.

Think less ""AI video tool,"" more director-level control. Our system is designed to maintain perfect character and scene consistency across shots and understand WGA scripts and concept art as direct instructions. It is like a second unit that helps you explore ideas faster, without taking creative control away from you.

A Direct Invitation
Given your visual style, I believe your perspective would be invaluable. We're curating a small group of Pioneer Creators for early collaboration. This includes:
- ✅ Full platform access + signon bonus to onboard
- ✅ Eligibility for a Pioneer Grant for project development
- ✅ Co-credit & distribution pathways for collaborative work

A Simple Way to See If It's a Fit
No lengthy forms. We've made a 2-minute demo that shows our workflow turning a script into coherent scenes. If you're curious:

Simply reply with:
""Send me the demo""

And I'll personally share the link.

Looking forward to seeing if there's a fit.

Best,
Cecilia
Director of Creative Partnerships
Utopai Studios",⏳ 待发送,True
AI漫剧制片人,Wowow,日本,日本老牌付费电视台，拓展短剧业务，注重角色形象稳定性与制作效率,佐藤 健（内容制作部长）,邮箱：content_prod@wowow.co.jp、官网,2（中高）,邮件+案例,Character Locker适配日本短剧写实风格，跨镜头角色零偏差，制作周期缩短70%,content_prod@wowow.co.jp,Japanese short-drama production,flawless character consistency across every shot and sequence.,🤖 AI生成,"Hi there,

I'm Cecilia from Utopai Studios. We're building a ""Cinematic Storytelling Engine"" for people who care about story first.

Loved your work on Japanese short-drama production – particularly the flawless character consistency across every shot and sequence..

It got me thinking: how many visionary scripts are shelved not for lack of talent, but because the production scale feels out of reach? At Utopai Studios, we're building a path to help creators move ambitious ideas forward without getting boxed in by scale, time, or existing production limits.

Think less ""AI video tool,"" more director-level control. Our system is designed to maintain perfect character and scene consistency across shots and understand WGA scripts and concept art as direct instructions. It is like a second unit that helps you explore ideas faster, without taking creative control away from you.

A Direct Invitation
Given your visual style, I believe your perspective would be invaluable. We're curating a small group of Pioneer Creators for early collaboration. This includes:
- ✅ Full platform access + signon bonus to onboard
- ✅ Eligibility for a Pioneer Grant for project development
- ✅ Co-credit & distribution pathways for collaborative work

A Simple Way to See If It's a Fit
No lengthy forms. We've made a 2-minute demo that shows our workflow turning a script into coherent scenes. If you're curious:

Simply reply with:
""Send me the demo""

And I'll personally share the link.

Looking forward to seeing if there's a fit.

Best,
Cecilia
Director of Creative Partnerships
Utopai Studios",⏳ 待发送,True
AI漫剧制片人,GYAO!（富士电视台旗下）,日本,日本免费流媒体，短剧板块用户增长快，成本控制需求强烈,山田 奈绪（运营部长）,邮箱：gyao_content@fujitv.co.jp、LinkedIn,2（中高）,LinkedIn+案例,Character Locker实现低成本高质量制作，100分钟短剧成本＜$8k，适配免费平台盈利逻辑,gyao_content@fujitv.co.jp,low-budget Japanese short dramas,premium production quality maintained under extreme budget constraints,🤖 AI生成,"Hi there,

I'm Cecilia from Utopai Studios. We're building a ""Cinematic Storytelling Engine"" for people who care about story first.

Loved your work on low-budget Japanese short dramas – particularly the premium production quality maintained under extreme budget constraints.

It got me thinking: how many visionary scripts are shelved not for lack of talent, but because the production scale feels out of reach? At Utopai Studios, we're building a path to help creators move ambitious ideas forward without getting boxed in by scale, time, or existing production limits.

Think less ""AI video tool,"" more director-level control. Our system is designed to maintain perfect character and scene consistency across shots and understand WGA scripts and concept art as direct instructions. It is like a second unit that helps you explore ideas faster, without taking creative control away from you.

A Direct Invitation
Given your visual style, I believe your perspective would be invaluable. We're curating a small group of Pioneer Creators for early collaboration. This includes:
- ✅ Full platform access + signon bonus to onboard
- ✅ Eligibility for a Pioneer Grant for project development
- ✅ Co-credit & distribution pathways for collaborative work

A Simple Way to See If It's a Fit
No lengthy forms. We've made a 2-minute demo that shows our workflow turning a script into coherent scenes. If you're curious:

Simply reply with:
""Send me the demo""

And I'll personally share the link.

Looking forward to seeing if there's a fit.

Best,
Cecilia
Director of Creative Partnerships
Utopai Studios",⏳ 待发送,True
AI漫剧制片人,Naver TV,韩国,韩国最大门户网站旗下视频平台，短剧日更量超200条，产能瓶颈明显,Jang Hyun-woo（内容运营负责人）,LinkedIn私信、邮箱：tv_content@naver.com,2（中高）,LinkedIn+社群,批量生成工具适配短平快节奏，1人抵5人团队，角色一致性零失误,tv_content@naver.com,AI-generated Korean web-series,flawless character consistency across high-volume daily episodes,🤖 AI生成,"Hi Jang Hyun-woo,

I'm Cecilia from Utopai Studios. We're building a ""Cinematic Storytelling Engine"" for people who care about story first.

Loved your work on AI-generated Korean web-series – particularly the flawless character consistency across high-volume daily episodes.

It got me thinking: how many visionary scripts are shelved not for lack of talent, but because the production scale feels out of reach? At Utopai Studios, we're building a path to help creators move ambitious ideas forward without getting boxed in by scale, time, or existing production limits.

Think less ""AI video tool,"" more director-level control. Our system is designed to maintain perfect character and scene consistency across shots and understand WGA scripts and concept art as direct instructions. It is like a second unit that helps you explore ideas faster, without taking creative control away from you.

A Direct Invitation
Given your visual style, I believe your perspective would be invaluable. We're curating a small group of Pioneer Creators for early collaboration. This includes:
- ✅ Full platform access + signon bonus to onboard
- ✅ Eligibility for a Pioneer Grant for project development
- ✅ Co-credit & distribution pathways for collaborative work

A Simple Way to See If It's a Fit
No lengthy forms. We've made a 2-minute demo that shows our workflow turning a script into coherent scenes. If you're curious:

Simply reply with:
""Send me the demo""

And I'll personally share the link.

Looking forward to seeing if there's a fit.

Best,
Cecilia
Director of Creative Partnerships
Utopai Studios",⏳ 待发送,True
AI漫剧制片人,dTV（日本电视台旗下）,日本,日本人气视频平台，短剧《东京爱情故事2020》衍生内容需求大，角色稳定刚需,铃木 亮（制作企划部長）,官网：dtv.jp、邮箱：dtv_prod@ntv.co.jp,3（中）,邮件+演示,Character Locker解决衍生短剧角色统一性，制作周期从3天缩至1小时,dtv_prod@ntv.co.jp,Character-locked short-form series,flawless character consistency across rapid-turnaround productions,🤖 AI生成,"Hi there,

I'm Cecilia from Utopai Studios. We're building a ""Cinematic Storytelling Engine"" for people who care about story first.

Loved your work on Character-locked short-form series – particularly the flawless character consistency across rapid-turnaround productions.

It got me thinking: how many visionary scripts are shelved not for lack of talent, but because the production scale feels out of reach? At Utopai Studios, we're building a path to help creators move ambitious ideas forward without getting boxed in by scale, time, or existing production limits.

Think less ""AI video tool,"" more director-level control. Our system is designed to maintain perfect character and scene consistency across shots and understand WGA scripts and concept art as direct instructions. It is like a second unit that helps you explore ideas faster, without taking creative control away from you.

A Direct Invitation
Given your visual style, I believe your perspective would be invaluable. We're curating a small group of Pioneer Creators for early collaboration. This includes:
- ✅ Full platform access + signon bonus to onboard
- ✅ Eligibility for a Pioneer Grant for project development
- ✅ Co-credit & distribution pathways for collaborative work

A Simple Way to See If It's a Fit
No lengthy forms. We've made a 2-minute demo that shows our workflow turning a script into coherent scenes. If you're curious:

Simply reply with:
""Send me the demo""

And I'll personally share the link.

Looking forward to seeing if there's a fit.

Best,
Cecilia
Director of Creative Partnerships
Utopai Studios",⏳ 待发送,True
AI漫剧制片人,U-NEXT,日本,日本综合流媒体，短剧与动漫联动频繁，角色资产复用需求高,高桥 阳介（内容合作部长）,邮箱：content_partner@u-next.co.jp、LinkedIn,3（中）,邮件+1v1演示,Character Locker实现动漫角色真人化短剧复用，跨内容形态角色一致，利润率提升,content_partner@u-next.co.jp,Character-driven cross-media storytelling,seamless character integrity across anime and live-action formats,🤖 AI生成,"Hi there,

I'm Cecilia from Utopai Studios. We're building a ""Cinematic Storytelling Engine"" for people who care about story first.

Loved your work on Character-driven cross-media storytelling – particularly the seamless character integrity across anime and live-action formats.

It got me thinking: how many visionary scripts are shelved not for lack of talent, but because the production scale feels out of reach? At Utopai Studios, we're building a path to help creators move ambitious ideas forward without getting boxed in by scale, time, or existing production limits.

Think less ""AI video tool,"" more director-level control. Our system is designed to maintain perfect character and scene consistency across shots and understand WGA scripts and concept art as direct instructions. It is like a second unit that helps you explore ideas faster, without taking creative control away from you.

A Direct Invitation
Given your visual style, I believe your perspective would be invaluable. We're curating a small group of Pioneer Creators for early collaboration. This includes:
- ✅ Full platform access + signon bonus to onboard
- ✅ Eligibility for a Pioneer Grant for project development
- ✅ Co-credit & distribution pathways for collaborative work

A Simple Way to See If It's a Fit
No lengthy forms. We've made a 2-minute demo that shows our workflow turning a script into coherent scenes. If you're curious:

Simply reply with:
""Send me the demo""

And I'll personally share the link.

Looking forward to seeing if there's a fit.

Best,
Cecilia
Director of Creative Partnerships
Utopai Studios",⏳ 待发送,True
AI漫剧制片人,Hulu Japan,日本,Hulu日本分支，短剧板块与动漫联动，角色资产复用需求高,加藤 健（内容运营总监）,邮箱：hulu_drama@hulu.jp、LinkedIn,2（中高）,邮件+1v1演示,角色资产库跨内容复用，动漫IP短剧快速落地，制作周期缩短60%,hulu_drama@hulu.jp,Anime IP short-form dramas,rapid asset repurposing that accelerates production timelines,🤖 AI生成,"Hi there,

I'm Cecilia from Utopai Studios. We're building a ""Cinematic Storytelling Engine"" for people who care about story first.

Loved your work on Anime IP short-form dramas – particularly the rapid asset repurposing that accelerates production timelines.

It got me thinking: how many visionary scripts are shelved not for lack of talent, but because the production scale feels out of reach? At Utopai Studios, we're building a path to help creators move ambitious ideas forward without getting boxed in by scale, time, or existing production limits.

Think less ""AI video tool,"" more director-level control. Our system is designed to maintain perfect character and scene consistency across shots and understand WGA scripts and concept art as direct instructions. It is like a second unit that helps you explore ideas faster, without taking creative control away from you.

A Direct Invitation
Given your visual style, I believe your perspective would be invaluable. We're curating a small group of Pioneer Creators for early collaboration. This includes:
- ✅ Full platform access + signon bonus to onboard
- ✅ Eligibility for a Pioneer Grant for project development
- ✅ Co-credit & distribution pathways for collaborative work

A Simple Way to See If It's a Fit
No lengthy forms. We've made a 2-minute demo that shows our workflow turning a script into coherent scenes. If you're curious:

Simply reply with:
""Send me the demo""

And I'll personally share the link.

Looking forward to seeing if there's a fit.

Best,
Cecilia
Director of Creative Partnerships
Utopai Studios",⏳ 待发送,True
AI漫剧制片人,Paravi（TBS/富士台联合）,日本,日本两大电视台联合流媒体，短剧注重现实题材，角色一致性需求,佐野 洋子（内容企划部长）,邮箱：paravi_drama@paravi.jp、官网,3（中）,邮件+演示,Character Locker适配现实题材短剧，跨镜头角色自然衔接，制作成本降低70%,paravi_drama@paravi.jp,Realistic slice-of-life shorts,seamless character consistency that grounds every scene in reality.,🤖 AI生成,"Hi there,

I'm Cecilia from Utopai Studios. We're building a ""Cinematic Storytelling Engine"" for people who care about story first.

Loved your work on Realistic slice-of-life shorts – particularly the seamless character consistency that grounds every scene in reality..

It got me thinking: how many visionary scripts are shelved not for lack of talent, but because the production scale feels out of reach? At Utopai Studios, we're building a path to help creators move ambitious ideas forward without getting boxed in by scale, time, or existing production limits.

Think less ""AI video tool,"" more director-level control. Our system is designed to maintain perfect character and scene consistency across shots and understand WGA scripts and concept art as direct instructions. It is like a second unit that helps you explore ideas faster, without taking creative control away from you.

A Direct Invitation
Given your visual style, I believe your perspective would be invaluable. We're curating a small group of Pioneer Creators for early collaboration. This includes:
- ✅ Full platform access + signon bonus to onboard
- ✅ Eligibility for a Pioneer Grant for project development
- ✅ Co-credit & distribution pathways for collaborative work

A Simple Way to See If It's a Fit
No lengthy forms. We've made a 2-minute demo that shows our workflow turning a script into coherent scenes. If you're curious:

Simply reply with:
""Send me the demo""

And I'll personally share the link.

Looking forward to seeing if there's a fit.

Best,
Cecilia
Director of Creative Partnerships
Utopai Studios",⏳ 待发送,True
AI漫剧制片人,TVING Originals,韩国,TVING原创短剧板块，聚焦Z世代内容，个性化角色+高效生产需求,Jung Ho-yeon（原创内容总监）,LinkedIn私信、邮箱：originals@tving.com,3（中）,LinkedIn+展会,AI角色定制+批量生成，适配Z世代审美，1小时出片快速响应市场,originals@tving.com,AI-customized short dramas,seamless fusion of algorithmic casting and Gen-Z aesthetics.,🤖 AI生成,"Hi Jung Ho-yeon,

I'm Cecilia from Utopai Studios. We're building a ""Cinematic Storytelling Engine"" for people who care about story first.

Loved your work on AI-customized short dramas – particularly the seamless fusion of algorithmic casting and Gen-Z aesthetics..

It got me thinking: how many visionary scripts are shelved not for lack of talent, but because the production scale feels out of reach? At Utopai Studios, we're building a path to help creators move ambitious ideas forward without getting boxed in by scale, time, or existing production limits.

Think less ""AI video tool,"" more director-level control. Our system is designed to maintain perfect character and scene consistency across shots and understand WGA scripts and concept art as direct instructions. It is like a second unit that helps you explore ideas faster, without taking creative control away from you.

A Direct Invitation
Given your visual style, I believe your perspective would be invaluable. We're curating a small group of Pioneer Creators for early collaboration. This includes:
- ✅ Full platform access + signon bonus to onboard
- ✅ Eligibility for a Pioneer Grant for project development
- ✅ Co-credit & distribution pathways for collaborative work

A Simple Way to See If It's a Fit
No lengthy forms. We've made a 2-minute demo that shows our workflow turning a script into coherent scenes. If you're curious:

Simply reply with:
""Send me the demo""

And I'll personally share the link.

Looking forward to seeing if there's a fit.

Best,
Cecilia
Director of Creative Partnerships
Utopai Studios",⏳ 待发送,True
AI漫剧制片人,Amazon Prime Video Japan,日本,亚马逊日本流媒体，拓展短剧业务，全球化制作+本土适配需求,高桥 健太（本土内容负责人）,邮箱：jp_content@amazon.com、LinkedIn,2（中高）,邮件+合作提案,Character Locker适配全球化制作标准，本土角色风格调整灵活，成本可控,jp_content@amazon.com,Globalized short-form series,seamless cultural adaptation within a unified production framework.,🤖 AI生成,"Hi there,

I'm Cecilia from Utopai Studios. We're building a ""Cinematic Storytelling Engine"" for people who care about story first.

Loved your work on Globalized short-form series – particularly the seamless cultural adaptation within a unified production framework..

It got me thinking: how many visionary scripts are shelved not for lack of talent, but because the production scale feels out of reach? At Utopai Studios, we're building a path to help creators move ambitious ideas forward without getting boxed in by scale, time, or existing production limits.

Think less ""AI video tool,"" more director-level control. Our system is designed to maintain perfect character and scene consistency across shots and understand WGA scripts and concept art as direct instructions. It is like a second unit that helps you explore ideas faster, without taking creative control away from you.

A Direct Invitation
Given your visual style, I believe your perspective would be invaluable. We're curating a small group of Pioneer Creators for early collaboration. This includes:
- ✅ Full platform access + signon bonus to onboard
- ✅ Eligibility for a Pioneer Grant for project development
- ✅ Co-credit & distribution pathways for collaborative work

A Simple Way to See If It's a Fit
No lengthy forms. We've made a 2-minute demo that shows our workflow turning a script into coherent scenes. If you're curious:

Simply reply with:
""Send me the demo""

And I'll personally share the link.

Looking forward to seeing if there's a fit.

Best,
Cecilia
Director of Creative Partnerships
Utopai Studios",⏳ 待发送,True
AI漫剧制片人,Netflix Japan,日本,Netflix日本分支，本土短剧采购量大，角色一致性+制作效率双需求,山崎 明（内容采购负责人）,邮箱：jp_drama@netflix.com、LinkedIn,1（高）,展会+合作提案,Character Locker保障短剧角色稳定性，1小时出片适配Netflix采购节奏，成本＜$10k/100分钟,jp_drama@netflix.com,High-efficiency Japanese short dramas,seamless character consistency paired with rapid production turnaround,🤖 AI生成,"Hi there,

I'm Cecilia from Utopai Studios. We're building a ""Cinematic Storytelling Engine"" for people who care about story first.

Loved your work on High-efficiency Japanese short dramas – particularly the seamless character consistency paired with rapid production turnaround.

It got me thinking: how many visionary scripts are shelved not for lack of talent, but because the production scale feels out of reach? At Utopai Studios, we're building a path to help creators move ambitious ideas forward without getting boxed in by scale, time, or existing production limits.

Think less ""AI video tool,"" more director-level control. Our system is designed to maintain perfect character and scene consistency across shots and understand WGA scripts and concept art as direct instructions. It is like a second unit that helps you explore ideas faster, without taking creative control away from you.

A Direct Invitation
Given your visual style, I believe your perspective would be invaluable. We're curating a small group of Pioneer Creators for early collaboration. This includes:
- ✅ Full platform access + signon bonus to onboard
- ✅ Eligibility for a Pioneer Grant for project development
- ✅ Co-credit & distribution pathways for collaborative work

A Simple Way to See If It's a Fit
No lengthy forms. We've made a 2-minute demo that shows our workflow turning a script into coherent scenes. If you're curious:

Simply reply with:
""Send me the demo""

And I'll personally share the link.

Looking forward to seeing if there's a fit.

Best,
Cecilia
Director of Creative Partnerships
Utopai Studios",⏳ 待发送,True
AI漫剧制片人,U-NEXT Originals,日本,U-NEXT原创短剧板块，聚焦悬疑/爱情题材，角色稳定+快速出片需求,井上 健（原创内容总监）,邮箱：originals_prod@u-next.co.jp、LinkedIn,2（中高）,邮件+演示,Character Locker适配悬疑题材角色连贯性，10分钟出片，日更3集无压力,originals_prod@u-next.co.jp,Original romance and suspense shorts,maintaining character continuity within a rapid daily release schedule,🤖 AI生成,"Hi there,

I'm Cecilia from Utopai Studios. We're building a ""Cinematic Storytelling Engine"" for people who care about story first.

Loved your work on Original romance and suspense shorts – particularly the maintaining character continuity within a rapid daily release schedule.

It got me thinking: how many visionary scripts are shelved not for lack of talent, but because the production scale feels out of reach? At Utopai Studios, we're building a path to help creators move ambitious ideas forward without getting boxed in by scale, time, or existing production limits.

Think less ""AI video tool,"" more director-level control. Our system is designed to maintain perfect character and scene consistency across shots and understand WGA scripts and concept art as direct instructions. It is like a second unit that helps you explore ideas faster, without taking creative control away from you.

A Direct Invitation
Given your visual style, I believe your perspective would be invaluable. We're curating a small group of Pioneer Creators for early collaboration. This includes:
- ✅ Full platform access + signon bonus to onboard
- ✅ Eligibility for a Pioneer Grant for project development
- ✅ Co-credit & distribution pathways for collaborative work

A Simple Way to See If It's a Fit
No lengthy forms. We've made a 2-minute demo that shows our workflow turning a script into coherent scenes. If you're curious:

Simply reply with:
""Send me the demo""

And I'll personally share the link.

Looking forward to seeing if there's a fit.

Best,
Cecilia
Director of Creative Partnerships
Utopai Studios",⏳ 待发送,True
AI漫剧制片人,ReelShort（枫叶互动）,北美,中文在线参股49.16%，北美头部短剧平台，单月充值破7000万美元，AI角色一致性刚需,枫叶互动 运营负责人,LinkedIn私信、邮箱：contact@reelshort.com,1（高）,LinkedIn+邮件,Character Locker解决跨镜头变脸，适配日更10+集节奏，成本＜$10k/100分钟,contact@reelshort.com,High-volume short-form series,flawless character continuity at a relentless production pace.,🤖 AI生成,"Hi there,

I'm Cecilia from Utopai Studios. We're building a ""Cinematic Storytelling Engine"" for people who care about story first.

Loved your work on High-volume short-form series – particularly the flawless character continuity at a relentless production pace..

It got me thinking: how many visionary scripts are shelved not for lack of talent, but because the production scale feels out of reach? At Utopai Studios, we're building a path to help creators move ambitious ideas forward without getting boxed in by scale, time, or existing production limits.

Think less ""AI video tool,"" more director-level control. Our system is designed to maintain perfect character and scene consistency across shots and understand WGA scripts and concept art as direct instructions. It is like a second unit that helps you explore ideas faster, without taking creative control away from you.

A Direct Invitation
Given your visual style, I believe your perspective would be invaluable. We're curating a small group of Pioneer Creators for early collaboration. This includes:
- ✅ Full platform access + signon bonus to onboard
- ✅ Eligibility for a Pioneer Grant for project development
- ✅ Co-credit & distribution pathways for collaborative work

A Simple Way to See If It's a Fit
No lengthy forms. We've made a 2-minute demo that shows our workflow turning a script into coherent scenes. If you're curious:

Simply reply with:
""Send me the demo""

And I'll personally share the link.

Looking forward to seeing if there's a fit.

Best,
Cecilia
Director of Creative Partnerships
Utopai Studios",⏳ 待发送,True
AI漫剧制片人,帝一广告,东南亚（印尼/泰国/越南）,在东南亚设3个创作中心，泰语版《职场逆袭记》LINE TV8周热播第一，AI辅助内容生产,Li Ming（海外业务总监）,邮箱：overseas@diyiad.com,3（中）,行业社群+案例,Character Locker适配本土编剧+AI模式，角色稳定提升播放量,overseas@diyiad.com,AI-Scripted Southeast Asian Series,character lock-in that builds loyal viewership across cultures.,🤖 AI生成,"Hi Li Ming,

I'm Cecilia from Utopai Studios. We're building a ""Cinematic Storytelling Engine"" for people who care about story first.

Loved your work on AI-Scripted Southeast Asian Series – particularly the character lock-in that builds loyal viewership across cultures..

It got me thinking: how many visionary scripts are shelved not for lack of talent, but because the production scale feels out of reach? At Utopai Studios, we're building a path to help creators move ambitious ideas forward without getting boxed in by scale, time, or existing production limits.

Think less ""AI video tool,"" more director-level control. Our system is designed to maintain perfect character and scene consistency across shots and understand WGA scripts and concept art as direct instructions. It is like a second unit that helps you explore ideas faster, without taking creative control away from you.

A Direct Invitation
Given your visual style, I believe your perspective would be invaluable. We're curating a small group of Pioneer Creators for early collaboration. This includes:
- ✅ Full platform access + signon bonus to onboard
- ✅ Eligibility for a Pioneer Grant for project development
- ✅ Co-credit & distribution pathways for collaborative work

A Simple Way to See If It's a Fit
No lengthy forms. We've made a 2-minute demo that shows our workflow turning a script into coherent scenes. If you're curious:

Simply reply with:
""Send me the demo""

And I'll personally share the link.

Looking forward to seeing if there's a fit.

Best,
Cecilia
Director of Creative Partnerships
Utopai Studios",⏳ 待发送,True
AI漫剧制片人,Dreamood Pictures,美国,美国短剧公司，《Fatal Temptation》等爆款，日更 3-5 条，角色连戏痛点突出,Eno Qu（创始人）,LinkedIn 私信、邮箱：info@dreamoodpictures.com,1（高）,LinkedIn + 展会,角色锁定 + 竖屏模板，10 分钟出片，适配 TikTok/ReelShort 日更节奏,info@dreamoodpictures.com,American short-drama production,"character-locked framing for seamless, addictive episode flow",🤖 AI生成,"Hi Eno Qu,

I'm Cecilia from Utopai Studios. We're building a ""Cinematic Storytelling Engine"" for people who care about story first.

Loved your work on American short-drama production – particularly the character-locked framing for seamless, addictive episode flow.

It got me thinking: how many visionary scripts are shelved not for lack of talent, but because the production scale feels out of reach? At Utopai Studios, we're building a path to help creators move ambitious ideas forward without getting boxed in by scale, time, or existing production limits.

Think less ""AI video tool,"" more director-level control. Our system is designed to maintain perfect character and scene consistency across shots and understand WGA scripts and concept art as direct instructions. It is like a second unit that helps you explore ideas faster, without taking creative control away from you.

A Direct Invitation
Given your visual style, I believe your perspective would be invaluable. We're curating a small group of Pioneer Creators for early collaboration. This includes:
- ✅ Full platform access + signon bonus to onboard
- ✅ Eligibility for a Pioneer Grant for project development
- ✅ Co-credit & distribution pathways for collaborative work

A Simple Way to See If It's a Fit
No lengthy forms. We've made a 2-minute demo that shows our workflow turning a script into coherent scenes. If you're curious:

Simply reply with:
""Send me the demo""

And I'll personally share the link.

Looking forward to seeing if there's a fit.

Best,
Cecilia
Director of Creative Partnerships
Utopai Studios",⏳ 待发送,True
独立影视工作室,Proof Inc.,美国,承接《阿凡达》《星球大战》Previz，专业运镜要求极高，Runway无法满足复杂运镜,Chris Edwards（技术总监）,邮箱：info@proofinc.com,1（高）,展会+1v1演示,全参数相机控制，1:1还原导演分镜，适配高预算大片Previz,info@proofinc.com,High-End Previsualization Cinematics,"precise, parametric camera control matching director storyboards",🤖 AI生成,"Hi Chris Edwards,

I'm Cecilia from Utopai Studios. We're building a ""Cinematic Storytelling Engine"" for people who care about story first.

Loved your work on High-End Previsualization Cinematics – particularly the precise, parametric camera control matching director storyboards.

It got me thinking: how many visionary scripts are shelved not for lack of talent, but because the production scale feels out of reach? At Utopai Studios, we're building a path to help creators move ambitious ideas forward without getting boxed in by scale, time, or existing production limits.

Think less ""AI video tool,"" more director-level control. Our system is designed to maintain perfect character and scene consistency across shots and understand WGA scripts and concept art as direct instructions. It is like a second unit that helps you explore ideas faster, without taking creative control away from you.

A Direct Invitation
Given your visual style, I believe your perspective would be invaluable. We're curating a small group of Pioneer Creators for early collaboration. This includes:
- ✅ Full platform access + signon bonus to onboard
- ✅ Eligibility for a Pioneer Grant for project development
- ✅ Co-credit & distribution pathways for collaborative work

A Simple Way to See If It's a Fit
No lengthy forms. We've made a 2-minute demo that shows our workflow turning a script into coherent scenes. If you're curious:

Simply reply with:
""Send me the demo""

And I'll personally share the link.

Looking forward to seeing if there's a fit.

Best,
Cecilia
Director of Creative Partnerships
Utopai Studios",⏳ 待发送,True
独立影视工作室,IndieVisual,印度,服务全印度知名品牌，AI视频批量生产，Previz依赖UE5，成本高、周期长,Arjun Mehta（创意总监）,官网：indievisual.in、邮箱：hello@indievisual.in,3（中）,邮件+案例,Utopai Previz成本忽略不计，相机控制适配印度本土广告/影视,hello@indievisual.in,AI-Powered Indian Advertising Previsualization,seamless integration of cinematic AI with localized production needs,🤖 AI生成,"Hi Arjun Mehta,

I'm Cecilia from Utopai Studios. We're building a ""Cinematic Storytelling Engine"" for people who care about story first.

Loved your work on AI-Powered Indian Advertising Previsualization – particularly the seamless integration of cinematic AI with localized production needs.

It got me thinking: how many visionary scripts are shelved not for lack of talent, but because the production scale feels out of reach? At Utopai Studios, we're building a path to help creators move ambitious ideas forward without getting boxed in by scale, time, or existing production limits.

Think less ""AI video tool,"" more director-level control. Our system is designed to maintain perfect character and scene consistency across shots and understand WGA scripts and concept art as direct instructions. It is like a second unit that helps you explore ideas faster, without taking creative control away from you.

A Direct Invitation
Given your visual style, I believe your perspective would be invaluable. We're curating a small group of Pioneer Creators for early collaboration. This includes:
- ✅ Full platform access + signon bonus to onboard
- ✅ Eligibility for a Pioneer Grant for project development
- ✅ Co-credit & distribution pathways for collaborative work

A Simple Way to See If It's a Fit
No lengthy forms. We've made a 2-minute demo that shows our workflow turning a script into coherent scenes. If you're curious:

Simply reply with:
""Send me the demo""

And I'll personally share the link.

Looking forward to seeing if there's a fit.

Best,
Cecilia
Director of Creative Partnerships
Utopai Studios",⏳ 待发送,True
独立影视工作室,Halonic Studios,美国,专注虚拟制作与 Previz，服务《阿凡达 2》等，精准运镜（希区柯克变焦 / 环绕）刚需,技术总监,邮箱：info@halonicstudios.com,1（高）,展会 + 1v1 演示,Camera Control 实现全参数相机控制，1:1 还原导演分镜，Previz 成本归零,info@halonicstudios.com,Cinematic Virtual Production Previsualization,precision camera control that exactly replicates storyboard framing,🤖 AI生成,"Hi there,

I'm Cecilia from Utopai Studios. We're building a ""Cinematic Storytelling Engine"" for people who care about story first.

Loved your work on Cinematic Virtual Production Previsualization – particularly the precision camera control that exactly replicates storyboard framing.

It got me thinking: how many visionary scripts are shelved not for lack of talent, but because the production scale feels out of reach? At Utopai Studios, we're building a path to help creators move ambitious ideas forward without getting boxed in by scale, time, or existing production limits.

Think less ""AI video tool,"" more director-level control. Our system is designed to maintain perfect character and scene consistency across shots and understand WGA scripts and concept art as direct instructions. It is like a second unit that helps you explore ideas faster, without taking creative control away from you.

A Direct Invitation
Given your visual style, I believe your perspective would be invaluable. We're curating a small group of Pioneer Creators for early collaboration. This includes:
- ✅ Full platform access + signon bonus to onboard
- ✅ Eligibility for a Pioneer Grant for project development
- ✅ Co-credit & distribution pathways for collaborative work

A Simple Way to See If It's a Fit
No lengthy forms. We've made a 2-minute demo that shows our workflow turning a script into coherent scenes. If you're curious:

Simply reply with:
""Send me the demo""

And I'll personally share the link.

Looking forward to seeing if there's a fit.

Best,
Cecilia
Director of Creative Partnerships
Utopai Studios",⏳ 待发送,True
独立影视工作室,Aeos Films,美国,AI 优先电影工作室，为品牌提供高影响力视频，Previz 依赖 AI 降本,创始人,官网：aeosfilms.com、邮箱：hello@aeosfilms.com,2（中高）,LinkedIn + 邮件,Camera Control 解决定点推拉 / 环绕，Previz 周期从 3 天缩至 1 小时,hello@aeosfilms.com,AI-Powered Brand Storytelling Films,precision of your AI-driven camera control and movement.,🤖 AI生成,"Hi there,

I'm Cecilia from Utopai Studios. We're building a ""Cinematic Storytelling Engine"" for people who care about story first.

Loved your work on AI-Powered Brand Storytelling Films – particularly the precision of your AI-driven camera control and movement..

It got me thinking: how many visionary scripts are shelved not for lack of talent, but because the production scale feels out of reach? At Utopai Studios, we're building a path to help creators move ambitious ideas forward without getting boxed in by scale, time, or existing production limits.

Think less ""AI video tool,"" more director-level control. Our system is designed to maintain perfect character and scene consistency across shots and understand WGA scripts and concept art as direct instructions. It is like a second unit that helps you explore ideas faster, without taking creative control away from you.

A Direct Invitation
Given your visual style, I believe your perspective would be invaluable. We're curating a small group of Pioneer Creators for early collaboration. This includes:
- ✅ Full platform access + signon bonus to onboard
- ✅ Eligibility for a Pioneer Grant for project development
- ✅ Co-credit & distribution pathways for collaborative work

A Simple Way to See If It's a Fit
No lengthy forms. We've made a 2-minute demo that shows our workflow turning a script into coherent scenes. If you're curious:

Simply reply with:
""Send me the demo""

And I'll personally share the link.

Looking forward to seeing if there's a fit.

Best,
Cecilia
Director of Creative Partnerships
Utopai Studios",⏳ 待发送,True
独立影视工作室,CJ E&M Studios,韩国,韩国娱乐巨头旗下工作室，承接《鱿鱼游戏》等爆款Previz，复杂运镜需求高,Park Chang-min（技术负责人）,LinkedIn私信、邮箱：studio_tech@cjem.com,1（高）,展会+1v1演示,全参数相机控制，1:1还原导演分镜，解决Runway无法满足的复杂运镜需求,studio_tech@cjem.com,High-complexity cinematic previsualization,"precise, full-parameter camera control matching exact storyboards",🤖 AI生成,"Hi Park Chang-min,

I'm Cecilia from Utopai Studios. We're building a ""Cinematic Storytelling Engine"" for people who care about story first.

Loved your work on High-complexity cinematic previsualization – particularly the precise, full-parameter camera control matching exact storyboards.

It got me thinking: how many visionary scripts are shelved not for lack of talent, but because the production scale feels out of reach? At Utopai Studios, we're building a path to help creators move ambitious ideas forward without getting boxed in by scale, time, or existing production limits.

Think less ""AI video tool,"" more director-level control. Our system is designed to maintain perfect character and scene consistency across shots and understand WGA scripts and concept art as direct instructions. It is like a second unit that helps you explore ideas faster, without taking creative control away from you.

A Direct Invitation
Given your visual style, I believe your perspective would be invaluable. We're curating a small group of Pioneer Creators for early collaboration. This includes:
- ✅ Full platform access + signon bonus to onboard
- ✅ Eligibility for a Pioneer Grant for project development
- ✅ Co-credit & distribution pathways for collaborative work

A Simple Way to See If It's a Fit
No lengthy forms. We've made a 2-minute demo that shows our workflow turning a script into coherent scenes. If you're curious:

Simply reply with:
""Send me the demo""

And I'll personally share the link.

Looking forward to seeing if there's a fit.

Best,
Cecilia
Director of Creative Partnerships
Utopai Studios",⏳ 待发送,True
独立影视工作室,松竹映画工作室,日本,日本百年电影工作室，拓展商业广告/短剧Previz业务，成本敏感,伊藤 博文（广告制作部长）,邮箱：ad_studio@showa.com、LinkedIn,1（高）,LinkedIn+邮件,精准运镜解决广告Previz定点推拉需求，客户一次过审，复购率提升50%,ad_studio@showa.com,cinematic advertising previsualization,precision camera work that ensures client approval in one take,🤖 AI生成,"Hi there,

I'm Cecilia from Utopai Studios. We're building a ""Cinematic Storytelling Engine"" for people who care about story first.

Loved your work on cinematic advertising previsualization – particularly the precision camera work that ensures client approval in one take.

It got me thinking: how many visionary scripts are shelved not for lack of talent, but because the production scale feels out of reach? At Utopai Studios, we're building a path to help creators move ambitious ideas forward without getting boxed in by scale, time, or existing production limits.

Think less ""AI video tool,"" more director-level control. Our system is designed to maintain perfect character and scene consistency across shots and understand WGA scripts and concept art as direct instructions. It is like a second unit that helps you explore ideas faster, without taking creative control away from you.

A Direct Invitation
Given your visual style, I believe your perspective would be invaluable. We're curating a small group of Pioneer Creators for early collaboration. This includes:
- ✅ Full platform access + signon bonus to onboard
- ✅ Eligibility for a Pioneer Grant for project development
- ✅ Co-credit & distribution pathways for collaborative work

A Simple Way to See If It's a Fit
No lengthy forms. We've made a 2-minute demo that shows our workflow turning a script into coherent scenes. If you're curious:

Simply reply with:
""Send me the demo""

And I'll personally share the link.

Looking forward to seeing if there's a fit.

Best,
Cecilia
Director of Creative Partnerships
Utopai Studios",⏳ 待发送,True
独立影视工作室,日活（Nikkatsu）工作室,日本,日本老牌工作室，聚焦悬疑/动作类影视Previz，复杂运镜需求突出,山本 刚史（制作主任）,邮箱：studio_prod@nikkatsu.co.jp、官网,2（中高）,邮件+1v1演示,Camera Control实现轨道推拉/环绕运镜，Previz与实拍1:1匹配，契合悬疑片叙事需求,studio_prod@nikkatsu.co.jp,Suspense film previsualization sequences,precise 1:1 camera-to-shot matching for complex sequences,🤖 AI生成,"Hi there,

I'm Cecilia from Utopai Studios. We're building a ""Cinematic Storytelling Engine"" for people who care about story first.

Loved your work on Suspense film previsualization sequences – particularly the precise 1:1 camera-to-shot matching for complex sequences.

It got me thinking: how many visionary scripts are shelved not for lack of talent, but because the production scale feels out of reach? At Utopai Studios, we're building a path to help creators move ambitious ideas forward without getting boxed in by scale, time, or existing production limits.

Think less ""AI video tool,"" more director-level control. Our system is designed to maintain perfect character and scene consistency across shots and understand WGA scripts and concept art as direct instructions. It is like a second unit that helps you explore ideas faster, without taking creative control away from you.

A Direct Invitation
Given your visual style, I believe your perspective would be invaluable. We're curating a small group of Pioneer Creators for early collaboration. This includes:
- ✅ Full platform access + signon bonus to onboard
- ✅ Eligibility for a Pioneer Grant for project development
- ✅ Co-credit & distribution pathways for collaborative work

A Simple Way to See If It's a Fit
No lengthy forms. We've made a 2-minute demo that shows our workflow turning a script into coherent scenes. If you're curious:

Simply reply with:
""Send me the demo""

And I'll personally share the link.

Looking forward to seeing if there's a fit.

Best,
Cecilia
Director of Creative Partnerships
Utopai Studios",⏳ 待发送,True
独立影视工作室,Studio Dragon,韩国,韩国顶级 drama 制作公司，Previz 覆盖爱情/职场类剧集，注重细腻运镜,Lee Sang-woo（技术运营总监）,LinkedIn私信、邮箱：tech@studiodragon.com,2（中高）,LinkedIn+展会,全参数相机控制适配细腻情感表达，Previz 成本降 90%，提升制作效率,tech@studiodragon.com,Korean drama cinematic previsualization,precision camera choreography for nuanced emotional storytelling,🤖 AI生成,"Hi Lee Sang-woo,

I'm Cecilia from Utopai Studios. We're building a ""Cinematic Storytelling Engine"" for people who care about story first.

Loved your work on Korean drama cinematic previsualization – particularly the precision camera choreography for nuanced emotional storytelling.

It got me thinking: how many visionary scripts are shelved not for lack of talent, but because the production scale feels out of reach? At Utopai Studios, we're building a path to help creators move ambitious ideas forward without getting boxed in by scale, time, or existing production limits.

Think less ""AI video tool,"" more director-level control. Our system is designed to maintain perfect character and scene consistency across shots and understand WGA scripts and concept art as direct instructions. It is like a second unit that helps you explore ideas faster, without taking creative control away from you.

A Direct Invitation
Given your visual style, I believe your perspective would be invaluable. We're curating a small group of Pioneer Creators for early collaboration. This includes:
- ✅ Full platform access + signon bonus to onboard
- ✅ Eligibility for a Pioneer Grant for project development
- ✅ Co-credit & distribution pathways for collaborative work

A Simple Way to See If It's a Fit
No lengthy forms. We've made a 2-minute demo that shows our workflow turning a script into coherent scenes. If you're curious:

Simply reply with:
""Send me the demo""

And I'll personally share the link.

Looking forward to seeing if there's a fit.

Best,
Cecilia
Director of Creative Partnerships
Utopai Studios",⏳ 待发送,True
独立影视工作室,角川映画工作室,日本,日本综合娱乐集团旗下，Previz 覆盖动漫改编/科幻类影视，资产复用需求高,田中 健太（技术部长）,邮箱：film_tech@kadokawa.co.jp、LinkedIn,2（中高）,邮件+演示,Camera Control 与角色资产库打通，跨项目资产复用，制作效率提升 3 倍,film_tech@kadokawa.co.jp,Anime-to-film visualization specialists,seamless integration of camera control and a reusable character asset library,🤖 AI生成,"Hi there,

I'm Cecilia from Utopai Studios. We're building a ""Cinematic Storytelling Engine"" for people who care about story first.

Loved your work on Anime-to-film visualization specialists – particularly the seamless integration of camera control and a reusable character asset library.

It got me thinking: how many visionary scripts are shelved not for lack of talent, but because the production scale feels out of reach? At Utopai Studios, we're building a path to help creators move ambitious ideas forward without getting boxed in by scale, time, or existing production limits.

Think less ""AI video tool,"" more director-level control. Our system is designed to maintain perfect character and scene consistency across shots and understand WGA scripts and concept art as direct instructions. It is like a second unit that helps you explore ideas faster, without taking creative control away from you.

A Direct Invitation
Given your visual style, I believe your perspective would be invaluable. We're curating a small group of Pioneer Creators for early collaboration. This includes:
- ✅ Full platform access + signon bonus to onboard
- ✅ Eligibility for a Pioneer Grant for project development
- ✅ Co-credit & distribution pathways for collaborative work

A Simple Way to See If It's a Fit
No lengthy forms. We've made a 2-minute demo that shows our workflow turning a script into coherent scenes. If you're curious:

Simply reply with:
""Send me the demo""

And I'll personally share the link.

Looking forward to seeing if there's a fit.

Best,
Cecilia
Director of Creative Partnerships
Utopai Studios",⏳ 待发送,True
独立影视工作室,Asmik Ace Entertainment Studios,日本,日本影视发行/制作公司，Previz 覆盖文艺片/商业片，注重运镜质感,西村 麻衣（制作企划）,邮箱：studio_planning@asmik-ace.co.jp、LinkedIn,3（中）,邮件+1v1演示,Camera Control 实现电影级运镜质感，Previz 成本降低 80%，适配多元影片类型,studio_planning@asmik-ace.co.jp,cinematic previsualization for film,camera control that achieves true cinematic movement and framing.,🤖 AI生成,"Hi there,

I'm Cecilia from Utopai Studios. We're building a ""Cinematic Storytelling Engine"" for people who care about story first.

Loved your work on cinematic previsualization for film – particularly the camera control that achieves true cinematic movement and framing..

It got me thinking: how many visionary scripts are shelved not for lack of talent, but because the production scale feels out of reach? At Utopai Studios, we're building a path to help creators move ambitious ideas forward without getting boxed in by scale, time, or existing production limits.

Think less ""AI video tool,"" more director-level control. Our system is designed to maintain perfect character and scene consistency across shots and understand WGA scripts and concept art as direct instructions. It is like a second unit that helps you explore ideas faster, without taking creative control away from you.

A Direct Invitation
Given your visual style, I believe your perspective would be invaluable. We're curating a small group of Pioneer Creators for early collaboration. This includes:
- ✅ Full platform access + signon bonus to onboard
- ✅ Eligibility for a Pioneer Grant for project development
- ✅ Co-credit & distribution pathways for collaborative work

A Simple Way to See If It's a Fit
No lengthy forms. We've made a 2-minute demo that shows our workflow turning a script into coherent scenes. If you're curious:

Simply reply with:
""Send me the demo""

And I'll personally share the link.

Looking forward to seeing if there's a fit.

Best,
Cecilia
Director of Creative Partnerships
Utopai Studios",⏳ 待发送,True
独立影视工作室,Kyoto Animation Studios,日本,京都动画旗下工作室，文艺向动画Previz，细腻运镜需求高,山田 尚子（制作负责人）,邮箱：animation_prod@kyotoanimation.co.jp、LinkedIn,3（中）,邮件+演示,Camera Control实现细腻情感运镜，Previz质感契合文艺动画，成本可控,animation_prod@kyotoanimation.co.jp,poetic animation previsualization,subtle camera movements that articulate unspoken emotion,🤖 AI生成,"Hi there,

I'm Cecilia from Utopai Studios. We're building a ""Cinematic Storytelling Engine"" for people who care about story first.

Loved your work on poetic animation previsualization – particularly the subtle camera movements that articulate unspoken emotion.

It got me thinking: how many visionary scripts are shelved not for lack of talent, but because the production scale feels out of reach? At Utopai Studios, we're building a path to help creators move ambitious ideas forward without getting boxed in by scale, time, or existing production limits.

Think less ""AI video tool,"" more director-level control. Our system is designed to maintain perfect character and scene consistency across shots and understand WGA scripts and concept art as direct instructions. It is like a second unit that helps you explore ideas faster, without taking creative control away from you.

A Direct Invitation
Given your visual style, I believe your perspective would be invaluable. We're curating a small group of Pioneer Creators for early collaboration. This includes:
- ✅ Full platform access + signon bonus to onboard
- ✅ Eligibility for a Pioneer Grant for project development
- ✅ Co-credit & distribution pathways for collaborative work

A Simple Way to See If It's a Fit
No lengthy forms. We've made a 2-minute demo that shows our workflow turning a script into coherent scenes. If you're curious:

Simply reply with:
""Send me the demo""

And I'll personally share the link.

Looking forward to seeing if there's a fit.

Best,
Cecilia
Director of Creative Partnerships
Utopai Studios",⏳ 待发送,True
独立影视工作室,Shin-Ei Animation Studios,日本,日本动画工作室，《蜡笔小新》等IP Previz，角色运镜一致性需求,小林 孝志（制作主任）,邮箱：prod_tech@shin-ei-animation.co.jp、LinkedIn,3（中）,邮件+1v1演示,Camera Control+角色锁定，IP Previz运镜/角色一致性保障，效率提升3倍,prod_tech@shin-ei-animation.co.jp,Character-locked animation previsualization,flawless camera continuity and character consistency in IP previsualization.,🤖 AI生成,"Hi there,

I'm Cecilia from Utopai Studios. We're building a ""Cinematic Storytelling Engine"" for people who care about story first.

Loved your work on Character-locked animation previsualization – particularly the flawless camera continuity and character consistency in IP previsualization..

It got me thinking: how many visionary scripts are shelved not for lack of talent, but because the production scale feels out of reach? At Utopai Studios, we're building a path to help creators move ambitious ideas forward without getting boxed in by scale, time, or existing production limits.

Think less ""AI video tool,"" more director-level control. Our system is designed to maintain perfect character and scene consistency across shots and understand WGA scripts and concept art as direct instructions. It is like a second unit that helps you explore ideas faster, without taking creative control away from you.

A Direct Invitation
Given your visual style, I believe your perspective would be invaluable. We're curating a small group of Pioneer Creators for early collaboration. This includes:
- ✅ Full platform access + signon bonus to onboard
- ✅ Eligibility for a Pioneer Grant for project development
- ✅ Co-credit & distribution pathways for collaborative work

A Simple Way to See If It's a Fit
No lengthy forms. We've made a 2-minute demo that shows our workflow turning a script into coherent scenes. If you're curious:

Simply reply with:
""Send me the demo""

And I'll personally share the link.

Looking forward to seeing if there's a fit.

Best,
Cecilia
Director of Creative Partnerships
Utopai Studios",⏳ 待发送,True
独立影视工作室,Production I.G Studios,日本,日本动画工作室，《攻壳机动队》等IP Previz，科幻场景运镜需求,石川 光久（制作部长）,邮箱：ig_prod@production-ig.co.jp、LinkedIn,2（中高）,邮件+演示,科幻场景Previz模板+精准运镜，适配IP工业化制作，效率提升4倍,ig_prod@production-ig.co.jp,Sci-Fi IP Previsualization Templates,precision cinematography that industrializes iconic IP production.,🤖 AI生成,"Hi there,

I'm Cecilia from Utopai Studios. We're building a ""Cinematic Storytelling Engine"" for people who care about story first.

Loved your work on Sci-Fi IP Previsualization Templates – particularly the precision cinematography that industrializes iconic IP production..

It got me thinking: how many visionary scripts are shelved not for lack of talent, but because the production scale feels out of reach? At Utopai Studios, we're building a path to help creators move ambitious ideas forward without getting boxed in by scale, time, or existing production limits.

Think less ""AI video tool,"" more director-level control. Our system is designed to maintain perfect character and scene consistency across shots and understand WGA scripts and concept art as direct instructions. It is like a second unit that helps you explore ideas faster, without taking creative control away from you.

A Direct Invitation
Given your visual style, I believe your perspective would be invaluable. We're curating a small group of Pioneer Creators for early collaboration. This includes:
- ✅ Full platform access + signon bonus to onboard
- ✅ Eligibility for a Pioneer Grant for project development
- ✅ Co-credit & distribution pathways for collaborative work

A Simple Way to See If It's a Fit
No lengthy forms. We've made a 2-minute demo that shows our workflow turning a script into coherent scenes. If you're curious:

Simply reply with:
""Send me the demo""

And I'll personally share the link.

Looking forward to seeing if there's a fit.

Best,
Cecilia
Director of Creative Partnerships
Utopai Studios",⏳ 待发送,True
独立影视工作室,Toho Studios Kyoto,日本,东宝京都工作室，历史题材影视Previz，传统场景运镜需求,渡边 明（制作负责人）,邮箱：kyoto_prod@toho.co.jp、LinkedIn,2（中高）,邮件+1v1演示,历史场景Previz模板+精准运镜，契合传统题材表达，制作效率提升3倍,kyoto_prod@toho.co.jp,Historical Scene Previsualization,authentic camera movement designed for traditional storytelling.,🤖 AI生成,"Hi there,

I'm Cecilia from Utopai Studios. We're building a ""Cinematic Storytelling Engine"" for people who care about story first.

Loved your work on Historical Scene Previsualization – particularly the authentic camera movement designed for traditional storytelling..

It got me thinking: how many visionary scripts are shelved not for lack of talent, but because the production scale feels out of reach? At Utopai Studios, we're building a path to help creators move ambitious ideas forward without getting boxed in by scale, time, or existing production limits.

Think less ""AI video tool,"" more director-level control. Our system is designed to maintain perfect character and scene consistency across shots and understand WGA scripts and concept art as direct instructions. It is like a second unit that helps you explore ideas faster, without taking creative control away from you.

A Direct Invitation
Given your visual style, I believe your perspective would be invaluable. We're curating a small group of Pioneer Creators for early collaboration. This includes:
- ✅ Full platform access + signon bonus to onboard
- ✅ Eligibility for a Pioneer Grant for project development
- ✅ Co-credit & distribution pathways for collaborative work

A Simple Way to See If It's a Fit
No lengthy forms. We've made a 2-minute demo that shows our workflow turning a script into coherent scenes. If you're curious:

Simply reply with:
""Send me the demo""

And I'll personally share the link.

Looking forward to seeing if there's a fit.

Best,
Cecilia
Director of Creative Partnerships
Utopai Studios",⏳ 待发送,True
独立影视工作室,eGENTIC（Big Bang Ads）,全球（欧美/亚太）,全球Lead Gen广告商，批量素材需求，覆盖多国家/多平台，成本敏感,Vincent Jouvin（负责人）,Skype：Vincent.jouvin、邮箱：vincent@egentic.com,1（高）,Skype+邮件,批量生成100+offer素材，适配多国家/多平台，单条成本＜$10,vincent@egentic.com,Global lead generation ad batches,scalable creative frameworks for cost-sensitive international campaigns,🤖 AI生成,"Hi Vincent Jouvin,

I'm Cecilia from Utopai Studios. We're building a ""Cinematic Storytelling Engine"" for people who care about story first.

Loved your work on Global lead generation ad batches – particularly the scalable creative frameworks for cost-sensitive international campaigns.

It got me thinking: how many visionary scripts are shelved not for lack of talent, but because the production scale feels out of reach? At Utopai Studios, we're building a path to help creators move ambitious ideas forward without getting boxed in by scale, time, or existing production limits.

Think less ""AI video tool,"" more director-level control. Our system is designed to maintain perfect character and scene consistency across shots and understand WGA scripts and concept art as direct instructions. It is like a second unit that helps you explore ideas faster, without taking creative control away from you.

A Direct Invitation
Given your visual style, I believe your perspective would be invaluable. We're curating a small group of Pioneer Creators for early collaboration. This includes:
- ✅ Full platform access + signon bonus to onboard
- ✅ Eligibility for a Pioneer Grant for project development
- ✅ Co-credit & distribution pathways for collaborative work

A Simple Way to See If It's a Fit
No lengthy forms. We've made a 2-minute demo that shows our workflow turning a script into coherent scenes. If you're curious:

Simply reply with:
""Send me the demo""

And I'll personally share the link.

Looking forward to seeing if there's a fit.

Best,
Cecilia
Director of Creative Partnerships
Utopai Studios",⏳ 待发送,True
独立影视工作室,IndieVisual,印度,为印度品牌提供AI视频营销，素材消耗快，实拍成本高，ROI导向,AVP Marketing,官网：indievisual.in、邮箱：hello@indievisual.in,2（中高）,邮件+数据,批量生成+CTR优化，1人抵5人编导团队，人力成本降80%,hello@indievisual.in,AI-Powered Video Marketing,scalable content systems with relentless CTR optimization.,🤖 AI生成,"Hi AVP Marketing,

I'm Cecilia from Utopai Studios. We're building a ""Cinematic Storytelling Engine"" for people who care about story first.

Loved your work on AI-Powered Video Marketing – particularly the scalable content systems with relentless CTR optimization..

It got me thinking: how many visionary scripts are shelved not for lack of talent, but because the production scale feels out of reach? At Utopai Studios, we're building a path to help creators move ambitious ideas forward without getting boxed in by scale, time, or existing production limits.

Think less ""AI video tool,"" more director-level control. Our system is designed to maintain perfect character and scene consistency across shots and understand WGA scripts and concept art as direct instructions. It is like a second unit that helps you explore ideas faster, without taking creative control away from you.

A Direct Invitation
Given your visual style, I believe your perspective would be invaluable. We're curating a small group of Pioneer Creators for early collaboration. This includes:
- ✅ Full platform access + signon bonus to onboard
- ✅ Eligibility for a Pioneer Grant for project development
- ✅ Co-credit & distribution pathways for collaborative work

A Simple Way to See If It's a Fit
No lengthy forms. We've made a 2-minute demo that shows our workflow turning a script into coherent scenes. If you're curious:

Simply reply with:
""Send me the demo""

And I'll personally share the link.

Looking forward to seeing if there's a fit.

Best,
Cecilia
Director of Creative Partnerships
Utopai Studios",⏳ 待发送,True
独立影视工作室,Wave.video,全球,AI 视频营销平台，服务 HubSpot/Shopify 等，素材消耗快，实拍成本高,营销负责人,官网：wave.video、邮箱：support@wave.video,4（中低）,邮件 + 案例,批量生成 + CTR 优化，AI 视频广告转化率比静态高 30%，人力成本降 80%,support@wave.video,AI-powered video ads,seamless blend of stock footage and AI-generated elements,🤖 AI生成,"Hi there,

I'm Cecilia from Utopai Studios. We're building a ""Cinematic Storytelling Engine"" for people who care about story first.

Loved your work on AI-powered video ads – particularly the seamless blend of stock footage and AI-generated elements.

It got me thinking: how many visionary scripts are shelved not for lack of talent, but because the production scale feels out of reach? At Utopai Studios, we're building a path to help creators move ambitious ideas forward without getting boxed in by scale, time, or existing production limits.

Think less ""AI video tool,"" more director-level control. Our system is designed to maintain perfect character and scene consistency across shots and understand WGA scripts and concept art as direct instructions. It is like a second unit that helps you explore ideas faster, without taking creative control away from you.

A Direct Invitation
Given your visual style, I believe your perspective would be invaluable. We're curating a small group of Pioneer Creators for early collaboration. This includes:
- ✅ Full platform access + signon bonus to onboard
- ✅ Eligibility for a Pioneer Grant for project development
- ✅ Co-credit & distribution pathways for collaborative work

A Simple Way to See If It's a Fit
No lengthy forms. We've made a 2-minute demo that shows our workflow turning a script into coherent scenes. If you're curious:

Simply reply with:
""Send me the demo""

And I'll personally share the link.

Looking forward to seeing if there's a fit.

Best,
Cecilia
Director of Creative Partnerships
Utopai Studios",⏳ 待发送,True
独立影视工作室,博报堂（Hakuhodo）,日本,日本顶级广告公司，服务资生堂/本田，广告素材消耗快，产能瓶颈突出,高桥 健太（创意技术总监）,邮箱：digital_creative@hakuhodo.co.jp、LinkedIn,1（高）,LinkedIn+1v1演示,AI批量生成适配日本本土广告审美，CTR提升30%，人力成本降80%,digital_creative@hakuhodo.co.jp,AI-optimized Japanese ad creatives,aI that authentically captures Japanese aesthetic principles for mass production.,🤖 AI生成,"Hi there,

I'm Cecilia from Utopai Studios. We're building a ""Cinematic Storytelling Engine"" for people who care about story first.

Loved your work on AI-optimized Japanese ad creatives – particularly the aI that authentically captures Japanese aesthetic principles for mass production..

It got me thinking: how many visionary scripts are shelved not for lack of talent, but because the production scale feels out of reach? At Utopai Studios, we're building a path to help creators move ambitious ideas forward without getting boxed in by scale, time, or existing production limits.

Think less ""AI video tool,"" more director-level control. Our system is designed to maintain perfect character and scene consistency across shots and understand WGA scripts and concept art as direct instructions. It is like a second unit that helps you explore ideas faster, without taking creative control away from you.

A Direct Invitation
Given your visual style, I believe your perspective would be invaluable. We're curating a small group of Pioneer Creators for early collaboration. This includes:
- ✅ Full platform access + signon bonus to onboard
- ✅ Eligibility for a Pioneer Grant for project development
- ✅ Co-credit & distribution pathways for collaborative work

A Simple Way to See If It's a Fit
No lengthy forms. We've made a 2-minute demo that shows our workflow turning a script into coherent scenes. If you're curious:

Simply reply with:
""Send me the demo""

And I'll personally share the link.

Looking forward to seeing if there's a fit.

Best,
Cecilia
Director of Creative Partnerships
Utopai Studios",⏳ 待发送,True
独立影视工作室,旭通广告（ADK）,日本,日本三大广告公司之一，拓展出海广告业务，多语种素材需求大,铃木 健二（海外广告负责人）,邮箱：overseas_ad@adk.co.jp、LinkedIn,2（中高）,邮件+案例,多语种广告模板+批量生成，适配日本品牌东南亚/欧美出海，单条成本＜$10,overseas_ad@adk.co.jp,Global ad template localization,scalable creative adaptation across diverse cultural markets.,🤖 AI生成,"Hi there,

I'm Cecilia from Utopai Studios. We're building a ""Cinematic Storytelling Engine"" for people who care about story first.

Loved your work on Global ad template localization – particularly the scalable creative adaptation across diverse cultural markets..

It got me thinking: how many visionary scripts are shelved not for lack of talent, but because the production scale feels out of reach? At Utopai Studios, we're building a path to help creators move ambitious ideas forward without getting boxed in by scale, time, or existing production limits.

Think less ""AI video tool,"" more director-level control. Our system is designed to maintain perfect character and scene consistency across shots and understand WGA scripts and concept art as direct instructions. It is like a second unit that helps you explore ideas faster, without taking creative control away from you.

A Direct Invitation
Given your visual style, I believe your perspective would be invaluable. We're curating a small group of Pioneer Creators for early collaboration. This includes:
- ✅ Full platform access + signon bonus to onboard
- ✅ Eligibility for a Pioneer Grant for project development
- ✅ Co-credit & distribution pathways for collaborative work

A Simple Way to See If It's a Fit
No lengthy forms. We've made a 2-minute demo that shows our workflow turning a script into coherent scenes. If you're curious:

Simply reply with:
""Send me the demo""

And I'll personally share the link.

Looking forward to seeing if there's a fit.

Best,
Cecilia
Director of Creative Partnerships
Utopai Studios",⏳ 待发送,True
独立影视工作室,电通创意（Dentsu Creative）,日本,电通集团创意分支，注重广告质感与效率平衡，AI辅助创意生产刚需,本田 奈奈（创意总监）,邮箱：creative_tech@dentsu-creative.com、LinkedIn,2（中高）,邮件+1v1演示,AI生成契合日本美学的广告素材，批量生产不牺牲质感，CTR提升30%,creative_tech@dentsu-creative.com,AI-crafted Japanese aesthetic ads,batch production that maintains exceptional visual quality and precision,🤖 AI生成,"Hi there,

I'm Cecilia from Utopai Studios. We're building a ""Cinematic Storytelling Engine"" for people who care about story first.

Loved your work on AI-crafted Japanese aesthetic ads – particularly the batch production that maintains exceptional visual quality and precision.

It got me thinking: how many visionary scripts are shelved not for lack of talent, but because the production scale feels out of reach? At Utopai Studios, we're building a path to help creators move ambitious ideas forward without getting boxed in by scale, time, or existing production limits.

Think less ""AI video tool,"" more director-level control. Our system is designed to maintain perfect character and scene consistency across shots and understand WGA scripts and concept art as direct instructions. It is like a second unit that helps you explore ideas faster, without taking creative control away from you.

A Direct Invitation
Given your visual style, I believe your perspective would be invaluable. We're curating a small group of Pioneer Creators for early collaboration. This includes:
- ✅ Full platform access + signon bonus to onboard
- ✅ Eligibility for a Pioneer Grant for project development
- ✅ Co-credit & distribution pathways for collaborative work

A Simple Way to See If It's a Fit
No lengthy forms. We've made a 2-minute demo that shows our workflow turning a script into coherent scenes. If you're curious:

Simply reply with:
""Send me the demo""

And I'll personally share the link.

Looking forward to seeing if there's a fit.

Best,
Cecilia
Director of Creative Partnerships
Utopai Studios",⏳ 待发送,True
独立影视工作室,大广广告（Dai-Ichi Kikaku）,日本,日本知名广告公司，服务本土中小企业，广告成本敏感+效率需求,山田 孝之（中小企业广告负责人）,邮箱：smb_ad@dai-ichi-kikaku.co.jp、LinkedIn,3（中）,邮件+演示,低成本批量广告生成，单条成本＜$8，CTR提升25%，适配中小企业预算,smb_ad@dai-ichi-kikaku.co.jp,budget-conscious ad generation,high-CTR ad variants produced at remarkable cost efficiency,🤖 AI生成,"Hi there,

I'm Cecilia from Utopai Studios. We're building a ""Cinematic Storytelling Engine"" for people who care about story first.

Loved your work on budget-conscious ad generation – particularly the high-CTR ad variants produced at remarkable cost efficiency.

It got me thinking: how many visionary scripts are shelved not for lack of talent, but because the production scale feels out of reach? At Utopai Studios, we're building a path to help creators move ambitious ideas forward without getting boxed in by scale, time, or existing production limits.

Think less ""AI video tool,"" more director-level control. Our system is designed to maintain perfect character and scene consistency across shots and understand WGA scripts and concept art as direct instructions. It is like a second unit that helps you explore ideas faster, without taking creative control away from you.

A Direct Invitation
Given your visual style, I believe your perspective would be invaluable. We're curating a small group of Pioneer Creators for early collaboration. This includes:
- ✅ Full platform access + signon bonus to onboard
- ✅ Eligibility for a Pioneer Grant for project development
- ✅ Co-credit & distribution pathways for collaborative work

A Simple Way to See If It's a Fit
No lengthy forms. We've made a 2-minute demo that shows our workflow turning a script into coherent scenes. If you're curious:

Simply reply with:
""Send me the demo""

And I'll personally share the link.

Looking forward to seeing if there's a fit.

Best,
Cecilia
Director of Creative Partnerships
Utopai Studios",⏳ 待发送,True
独立影视工作室,Dentsu X,日本,电通集团媒体分支，媒体投放与素材制作联动，批量素材+数据优化需求,佐藤 健一（媒体创意负责人）,邮箱：media_creative@dentsu-x.co.jp、LinkedIn,2（中高）,LinkedIn+邮件,素材生成与投放数据联动，实时优化CTR，ROI提升40%，适配媒体整合营销,media_creative@dentsu-x.co.jp,Data-driven ad creative optimization,seamless integration of media buying and dynamic creative production,🤖 AI生成,"Hi there,

I'm Cecilia from Utopai Studios. We're building a ""Cinematic Storytelling Engine"" for people who care about story first.

Loved your work on Data-driven ad creative optimization – particularly the seamless integration of media buying and dynamic creative production.

It got me thinking: how many visionary scripts are shelved not for lack of talent, but because the production scale feels out of reach? At Utopai Studios, we're building a path to help creators move ambitious ideas forward without getting boxed in by scale, time, or existing production limits.

Think less ""AI video tool,"" more director-level control. Our system is designed to maintain perfect character and scene consistency across shots and understand WGA scripts and concept art as direct instructions. It is like a second unit that helps you explore ideas faster, without taking creative control away from you.

A Direct Invitation
Given your visual style, I believe your perspective would be invaluable. We're curating a small group of Pioneer Creators for early collaboration. This includes:
- ✅ Full platform access + signon bonus to onboard
- ✅ Eligibility for a Pioneer Grant for project development
- ✅ Co-credit & distribution pathways for collaborative work

A Simple Way to See If It's a Fit
No lengthy forms. We've made a 2-minute demo that shows our workflow turning a script into coherent scenes. If you're curious:

Simply reply with:
""Send me the demo""

And I'll personally share the link.

Looking forward to seeing if there's a fit.

Best,
Cecilia
Director of Creative Partnerships
Utopai Studios",⏳ 待发送,True
独立影视工作室,Hakuhodo DY Media Partners,日本,博报堂媒体分支，服务本土品牌全渠道投放，多场景素材需求大,高桥 裕子（媒体运营负责人）,邮箱：media_content@hakuhodo-dy.co.jp、LinkedIn,3（中）,邮件+演示,多场景广告素材批量生成，适配电视/社交/户外多渠道，成本降90%,media_content@hakuhodo-dy.co.jp,Multi-channel ad asset generation,seamless creative adaptation across all media formats.,🤖 AI生成,"Hi there,

I'm Cecilia from Utopai Studios. We're building a ""Cinematic Storytelling Engine"" for people who care about story first.

Loved your work on Multi-channel ad asset generation – particularly the seamless creative adaptation across all media formats..

It got me thinking: how many visionary scripts are shelved not for lack of talent, but because the production scale feels out of reach? At Utopai Studios, we're building a path to help creators move ambitious ideas forward without getting boxed in by scale, time, or existing production limits.

Think less ""AI video tool,"" more director-level control. Our system is designed to maintain perfect character and scene consistency across shots and understand WGA scripts and concept art as direct instructions. It is like a second unit that helps you explore ideas faster, without taking creative control away from you.

A Direct Invitation
Given your visual style, I believe your perspective would be invaluable. We're curating a small group of Pioneer Creators for early collaboration. This includes:
- ✅ Full platform access + signon bonus to onboard
- ✅ Eligibility for a Pioneer Grant for project development
- ✅ Co-credit & distribution pathways for collaborative work

A Simple Way to See If It's a Fit
No lengthy forms. We've made a 2-minute demo that shows our workflow turning a script into coherent scenes. If you're curious:

Simply reply with:
""Send me the demo""

And I'll personally share the link.

Looking forward to seeing if there's a fit.

Best,
Cecilia
Director of Creative Partnerships
Utopai Studios",⏳ 待发送,True
独立影视工作室,ADK Creative One,日本,旭通广告创意分支，中小企业创意广告需求，低成本+高效生产需求,铃木 美玲（创意负责人）,邮箱：smb_creative@adk.co.jp、LinkedIn,3（中）,邮件+演示,中小企业专属广告模板，批量生成成本＜$8，CTR提升25%，适配预算有限场景,smb_creative@adk.co.jp,Cost-effective ad templates for SMEs,high-impact creative built for ultra-low production budgets.,🤖 AI生成,"Hi there,

I'm Cecilia from Utopai Studios. We're building a ""Cinematic Storytelling Engine"" for people who care about story first.

Loved your work on Cost-effective ad templates for SMEs – particularly the high-impact creative built for ultra-low production budgets..

It got me thinking: how many visionary scripts are shelved not for lack of talent, but because the production scale feels out of reach? At Utopai Studios, we're building a path to help creators move ambitious ideas forward without getting boxed in by scale, time, or existing production limits.

Think less ""AI video tool,"" more director-level control. Our system is designed to maintain perfect character and scene consistency across shots and understand WGA scripts and concept art as direct instructions. It is like a second unit that helps you explore ideas faster, without taking creative control away from you.

A Direct Invitation
Given your visual style, I believe your perspective would be invaluable. We're curating a small group of Pioneer Creators for early collaboration. This includes:
- ✅ Full platform access + signon bonus to onboard
- ✅ Eligibility for a Pioneer Grant for project development
- ✅ Co-credit & distribution pathways for collaborative work

A Simple Way to See If It's a Fit
No lengthy forms. We've made a 2-minute demo that shows our workflow turning a script into coherent scenes. If you're curious:

Simply reply with:
""Send me the demo""

And I'll personally share the link.

Looking forward to seeing if there's a fit.

Best,
Cecilia
Director of Creative Partnerships
Utopai Studios",⏳ 待发送,True
独立影视工作室,Dentsu McGarryBowen,日本,电通与麦利博文合资公司，国际品牌日本市场广告，本土化素材需求,本田 健太（本土创意负责人）,邮箱：local_creative@dentsu-mcgarrybowen.co.jp、LinkedIn,3（中）,邮件+1v1演示,国际品牌本土化广告素材生成，契合日本市场审美，批量生产效率高,local_creative@dentsu-mcgarrybowen.co.jp,International brand localization advertising,authentic aesthetic resonance with the Japanese consumer.,🤖 AI生成,"Hi there,

I'm Cecilia from Utopai Studios. We're building a ""Cinematic Storytelling Engine"" for people who care about story first.

Loved your work on International brand localization advertising – particularly the authentic aesthetic resonance with the Japanese consumer..

It got me thinking: how many visionary scripts are shelved not for lack of talent, but because the production scale feels out of reach? At Utopai Studios, we're building a path to help creators move ambitious ideas forward without getting boxed in by scale, time, or existing production limits.

Think less ""AI video tool,"" more director-level control. Our system is designed to maintain perfect character and scene consistency across shots and understand WGA scripts and concept art as direct instructions. It is like a second unit that helps you explore ideas faster, without taking creative control away from you.

A Direct Invitation
Given your visual style, I believe your perspective would be invaluable. We're curating a small group of Pioneer Creators for early collaboration. This includes:
- ✅ Full platform access + signon bonus to onboard
- ✅ Eligibility for a Pioneer Grant for project development
- ✅ Co-credit & distribution pathways for collaborative work

A Simple Way to See If It's a Fit
No lengthy forms. We've made a 2-minute demo that shows our workflow turning a script into coherent scenes. If you're curious:

Simply reply with:
""Send me the demo""

And I'll personally share the link.

Looking forward to seeing if there's a fit.

Best,
Cecilia
Director of Creative Partnerships
Utopai Studios",⏳ 待发送,True
独立影视工作室,Amazon Ads Japan,日本,亚马逊日本广告业务，电商广告素材消耗快，批量生成需求强烈,铃木 健（电商广告负责人）,邮箱：amazon_ads@amazon.co.jp、LinkedIn,2（中高）,邮件+案例,电商广告专属模板，批量生成适配亚马逊Listing，转化率提升30%,amazon_ads@amazon.co.jp,Amazon Listing Ad Templates,scalable design system for high-velocity ad production,🤖 AI生成,"Hi there,

I'm Cecilia from Utopai Studios. We're building a ""Cinematic Storytelling Engine"" for people who care about story first.

Loved your work on Amazon Listing Ad Templates – particularly the scalable design system for high-velocity ad production.

It got me thinking: how many visionary scripts are shelved not for lack of talent, but because the production scale feels out of reach? At Utopai Studios, we're building a path to help creators move ambitious ideas forward without getting boxed in by scale, time, or existing production limits.

Think less ""AI video tool,"" more director-level control. Our system is designed to maintain perfect character and scene consistency across shots and understand WGA scripts and concept art as direct instructions. It is like a second unit that helps you explore ideas faster, without taking creative control away from you.

A Direct Invitation
Given your visual style, I believe your perspective would be invaluable. We're curating a small group of Pioneer Creators for early collaboration. This includes:
- ✅ Full platform access + signon bonus to onboard
- ✅ Eligibility for a Pioneer Grant for project development
- ✅ Co-credit & distribution pathways for collaborative work

A Simple Way to See If It's a Fit
No lengthy forms. We've made a 2-minute demo that shows our workflow turning a script into coherent scenes. If you're curious:

Simply reply with:
""Send me the demo""

And I'll personally share the link.

Looking forward to seeing if there's a fit.

Best,
Cecilia
Director of Creative Partnerships
Utopai Studios",⏳ 待发送,True
